cve_id	status	verdict_src	func_vuln_rc	func_fixed_rc	exploit_vuln_rc	exploit_fixed_rc	fv_pfes	ff_pfes	ev_pfes	ef_pfes
CVE-2017-16615	NON_ORACLE	struct+struct+struct+struct	1	0	1	0	13/2/0/0	15/0/0/0	0/1/0/0	1/0/0/0
CVE-2017-16618	UNEXPECTED	struct+struct+struct+struct	2	2	1	0	0/0/1/0	0/0/1/0	7/4/0/0	11/0/0/0
CVE-2018-7753	UNEXPECTED	struct+struct+struct+struct	2	2	2	2	0/0/8/0	0/0/8/0	0/0/1/0	0/0/1/0
CVE-2019-1010017	UNEXPECTED	struct+struct+struct+struct	2	2	1	1	0/0/6/0	0/0/6/0	1/6/0/0	1/6/0/0
CVE-2019-10800	UNEXPECTED	struct+struct+struct+struct	2	2	2	2	0/0/1/0	0/0/1/0	0/0/1/0	0/0/1/0
CVE-2020-6802	UNEXPECTED	struct+struct+struct+struct	2	2	2	2	0/0/9/0	0/0/9/0	0/0/1/0	0/0/1/0
CVE-2021-23980	UNEXPECTED	struct+struct+struct+struct	1	1	1	1	353/2/0/6	357/2/0/6	178/6/0/3	182/2/0/3
CVE-2021-28363	INFRA_BROKEN	rc+rc+rc+rc	4	4	4	4	-	-	-	-
CVE-2021-32839	OK	struct+struct+struct+struct	0	0	1	0	415/0/0/3	416/0/0/3	58/1/0/2	59/0/0/2
CVE-2022-24065	INFRA_BROKEN	rc+rc+rc+rc	4	4	4	4	-	-	-	-
CVE-2022-24439	INFRA_BROKEN	rc+rc+rc+rc	4	4	4	4	-	-	-	-
CVE-2022-2888	UNEXPECTED	rc+rc+rc+rc	-1	-1	-1	-1	-	-	-	-
CVE-2022-29217	UNEXPECTED	struct+struct+struct+struct	0	0	1	1	134/0/0/84	134/0/0/84	17/1/0/47	17/1/0/47
CVE-2022-3102	OK	struct+struct+struct+struct	0	0	1	0	117/0/0/0	118/0/0/0	98/1/0/0	99/0/0/0
CVE-2023-23934	INFRA_BROKEN	rc+rc+rc+rc	4	4	4	4	-	-	-	-
CVE-2023-25577	INFRA_BROKEN	rc+rc+rc+rc	4	4	4	4	-	-	-	-
CVE-2023-26145	INFRA_BROKEN	rc+rc+rc+rc	4	4	4	4	-	-	-	-
CVE-2023-26302	UNEXPECTED	struct+struct+struct+struct	3	3	1	0	0/0/1/0	0/0/1/0	4/1/0/0	5/0/0/0
CVE-2023-29483	UNEXPECTED	struct+struct+struct+struct	2	2	1	0	0/0/1/0	0/0/1/0	83/2/0/15	85/0/0/15
CVE-2023-30608	OK	struct+struct+struct+struct	0	0	1	0	427/0/0/3	427/0/0/3	28/1/0/0	29/0/0/0
CVE-2024-52303	UNEXPECTED	rc+rc+rc+rc	-1	-1	-1	-1	-	-	-	-
CVE-2025-24359	INFRA_BROKEN	rc+rc+rc+rc	4	4	4	4	-	-	-	-
CVE-2025-53365	INFRA_BROKEN	rc+rc+rc+rc	4	4	4	4	-	-	-	-
CVE-2025-53366	INFRA_BROKEN	rc+rc+rc+rc	4	4	4	4	-	-	-	-
